{

"images": [
],

"framerate": 60,
"frames": [
    [1, 1, 226, 178, 0, 0, 0],
    [1, 181, 62, 63, 0, 0, 0],
    [65, 181, 65, 65, 0, 0, 0],
    [132, 181, 65, 65, 0, 0, 0],
    [1, 248, 65, 65, 0, 0, 0],
    [68, 248, 150, 50, 0, 0, 0],
    [1, 315, 150, 50, 0, 0, 0]
],

"animations": {
    "cloud": { "frames": [0] },
    "island": { "frames": [1] },
    "plane": {
        "frames": [2, 3, 4],
        "speed": 0.2
     },
    "RestartButton": { "frames": [5] },
    "StartButton": { "frames": [6] }
}

}
